seed,feature_group,delta_cumulative_return,delta_sharpe,drawdown_improvement,delta_turnover
42,F2_returns_volume,4.8477777347955e-11,-0.012195431390227496,3.752553823233029e-14,-0.0016260162601625938
42,F3_momentum,4.021470212389744e-08,-0.002843240596968055,-2.2093438190040615e-14,-0.03089430894308943
42,F4_trend,1.3357634109922856e-08,-0.018369421594965463,-3.460565167756613e-13,-0.022764227642276418
42,F5_volatility,2.339126083938936e-07,0.0035398067053677984,-5.70676839117823e-12,-0.0016260162601625938
42,F6_all_indicators,-2.5582824747516497e-09,-0.05390599379266581,4.4853010194856324e-14,0.01300813008130082
